URL,Article Name,Author,Date,Categories,Images
https://timesofmalta.com/articles/view/letters-editor-august-15-2023.1049377,"Letters to the editor – August 15, 2023",Times of Malta,15-Aug-2023,"Opinion,Letters","img00000.jpg,img00001.jpg"
https://timesofmalta.com/articles/view/dissecting-language-politics-john-cassar-white.1049257,Dissecting the language of politics,John Cassar White,14 August 2023,"Opinion,Business,Politics",img00002.jpg
https://timesofmalta.com/articles/view/burlo-august-14-2023.1048948,"Burlò – August 14, 2023",Times of Malta,14 August 2023,"Opinion,Cartoons",img00003.jpg
https://timesofmalta.com/articles/view/are-betraying-youths.1048906,Are we betraying our youths?,Fr Joe Borg,14 August 2023,"Opinion,Comment,Youth,Church,Mental health",img00004.jpg
https://timesofmalta.com/articles/view/what-real-true-purpose-education.1048912,What is the real and true purpose of education?,Matthew Caruana,14 August 2023,"Opinion,Comment,Education,Film","img00005.jpg,img00006.jpg"
https://timesofmalta.com/articles/view/editorial-not-ready-takeoff.1048933,Editorial: Not ready for take-off,Times of Malta,14 August 2023,"Opinion,Editorial,Air Malta,Aviation",img00007.png
https://timesofmalta.com/articles/view/letters-editor-august-14-2023.1048939,"Letters to the editor - August 14, 2023",Times of Malta,14 August 2023,"Opinion,Letters","img00008.jpg,img00009.jpg"
https://timesofmalta.com/articles/view/james-calvert-predicts-20234-premier-league-season-end-part-1.1049200,James Calvert predicts how the English Premier League season will end – Part 1,James Calvert,13 August 2023,"Sport,Premier League,Football,Opinion",img00010.jpg
https://timesofmalta.com/articles/view/five-extra-years.1048894,Five ‘extra’ years for me,Lara Said,13 August 2023,"Opinion,Comment,Health","img00011.jpg,img00012.jpg"
https://timesofmalta.com/articles/view/letters-editor-august-13-2023.1048837,"Letters to the editor - August 13, 2023",Times of Malta,13 August 2023,"Opinion,Letters","img00013.jpg,img00014.jpg"
https://timesofmalta.com/articles/view/what-expect.1048843,What did we expect?,Anna Marie Galea,13 August 2023,"Opinion,Comment,Human rights,Population",img00015.jpg
https://timesofmalta.com/articles/view/ditching-young-entrepreneur-myth.1048861,Ditching the young entrepreneur myth,Virva Salmivaara,13 August 2023,"Business,Opinion",img00016.jpg
https://timesofmalta.com/articles/view/zepp-august-13-2023.1048630,"Żepp - August 13, 2023",Times of Malta,13 August 2023,"Opinion,Cartoons",img00017.jpg
https://timesofmalta.com/articles/view/editorial-stop-racial-walk-shame.1049143,Editorial: Stop the racial walk of shame,Times of Malta,13 August 2023,"Opinion,Editorial,Court,Media,Racism",img00018.jpg
https://timesofmalta.com/articles/view/ztv-august-13-2023.1048633,"ZTV - August 13, 2023",Times of Malta,13 August 2023,"Opinion,Cartoons",img00019.jpg
https://timesofmalta.com/articles/view/are-equities-going-moon.1048642,Are equities going to the moon?,Somnath Banerjee,13 August 2023,"Business,Opinion",img00020.jpg
https://timesofmalta.com/articles/view/rosianne-back.1048828,Rosianne is back,Kevin Cassar,13 August 2023,"Opinion,Comment,Politics,Rosianne Cutajar",img00021.jpg
https://timesofmalta.com/articles/view/we-need-bold-leadership.1048648,We need bold leadership,Chris Vassallo Cesareo,13 August 2023,"Opinion,Comment,Business,Industry",img00022.jpg
https://timesofmalta.com/articles/view/fixing-labour-electricity-mess.1048822,Fixing Labour’s electricity mess,Mark Anthony Sammut,13 August 2023,"Opinion,Comment,PN,Energy","img00023.jpg,img00024.jpg"
https://timesofmalta.com/articles/view/rosianne-back.1048828,Rosianne is back,Kevin Cassar,13 August 2023,"Opinion,Comment,Politics,Rosianne Cutajar",img00025.jpg
https://timesofmalta.com/articles/view/islanders-august-13-2023.1048819,"Islanders - August 13, 2023",Times of Malta,13 August 2023,"Opinion,Cartoons",img00026.jpg
https://timesofmalta.com/articles/view/mcast-gets-act-together.1048696,MCAST gets its act together,Clifton Grima,12 August 2023,"Opinion,Comment,Education","img00027.jpg,img00028.jpeg"
https://timesofmalta.com/articles/view/letters-editor-august-12-2023.1048699,"Letters to the editor - August 12, 2023",Times of Malta,12 August 2023,"Opinion,Letters",img00029.jpg
https://timesofmalta.com/articles/view/obstetricians-abortion.1048804,Obstetricians and abortion,Tony Mifsud,12 August 2023,"Opinion,Comment,Abortion","img00030.jpg,img00031.jpg"
https://timesofmalta.com/articles/view/solving-electricity-challenge-together.1048531,Solving the electricity challenge together,Marcel Mizzi,11 August 2023,"Opinion,Comment,Business,Economy,Energy","img00032.jpg,img00033.jpg"
https://timesofmalta.com/articles/view/the-city-greedy.1048534,The city of the greedy,Albert Buttigieg,11 August 2023,"Opinion,Comment,Poverty,Government",img00034.jpg
https://timesofmalta.com/articles/view/editorial-trump-indictments-democracy.1048543,Editorial: Trump’s indictments and democracy,Times of Malta,11 August 2023,"Opinion,Editorial,Donald Trump,USA",img00035.jpg
https://timesofmalta.com/articles/view/letters-editor-august-11-2023.1048546,"Letters to the editor - August 11, 2023",Times of Malta,11 August 2023,"Opinion,Letters","img00036.jpg,img00037.jpg"
https://timesofmalta.com/articles/view/editorial-give-judiciary-tools-work.1048705,Editorial: Give the judiciary the tools to work,Times of Malta,10 August 2023,"Opinion,Editorial,Justice,Court",img00038.jpg
https://timesofmalta.com/articles/view/moral-suasion-curb-abuse.1048522,Moral suasion will not curb abuse,Times of Malta,10 August 2023,"Opinion,Editorial,Robert Abela,Construction",img00039.jpg
https://timesofmalta.com/articles/view/fab-job-god-but.1048516,"Fab, job, God, but, why",Ranier Fsadni,10 August 2023,"Opinion,Comment",img00040.jpg
https://timesofmalta.com/articles/view/importance-resigning.1048519,Importance of resigning,"Times of Malta, Mark Said",10 August 2023,"Opinion,Comment,Politics,Government",img00041.jpg
https://timesofmalta.com/articles/view/letters-editor-august-10-2023.1048525,"Letters to the editor - August 10, 2023",Times of Malta,10 August 2023,"Opinion,Letters","img00042.jpg,img00043.jpg"
https://timesofmalta.com/articles/view/letters-editor-august-9-2023.1048294,"Letters to the editor - August 9, 2023",Times of Malta,9 August 2023,"Opinion,Letters","img00044.jpg,img00045.jpg"
https://timesofmalta.com/articles/view/fixing-labour-electricity-mess.1048822,Fixing Labour’s electricity mess,Mark Anthony Sammut,13 August 2023,"Opinion,Comment,PN,Energy","img00046.jpg,img00047.jpg"
https://timesofmalta.com/articles/view/rosianne-back.1048828,Rosianne is back,Kevin Cassar,13 August 2023,"Opinion,Comment,Politics,Rosianne Cutajar",img00048.jpg
https://timesofmalta.com/articles/view/islanders-august-13-2023.1048819,"Islanders - August 13, 2023",Times of Malta,13 August 2023,"Opinion,Cartoons",img00049.jpg
https://timesofmalta.com/articles/view/mcast-gets-act-together.1048696,MCAST gets its act together,Clifton Grima,12 August 2023,"Opinion,Comment,Education","img00050.jpg,img00051.jpeg"
https://timesofmalta.com/articles/view/letters-editor-august-12-2023.1048699,"Letters to the editor - August 12, 2023",Times of Malta,12 August 2023,"Opinion,Letters",img00052.jpg
https://timesofmalta.com/articles/view/obstetricians-abortion.1048804,Obstetricians and abortion,Tony Mifsud,12 August 2023,"Opinion,Comment,Abortion","img00053.jpg,img00054.jpg"
https://timesofmalta.com/articles/view/solving-electricity-challenge-together.1048531,Solving the electricity challenge together,Marcel Mizzi,11 August 2023,"Opinion,Comment,Business,Economy,Energy","img00055.jpg,img00056.jpg"
https://timesofmalta.com/articles/view/the-city-greedy.1048534,The city of the greedy,Albert Buttigieg,11 August 2023,"Opinion,Comment,Poverty,Government",img00057.jpg
https://timesofmalta.com/articles/view/editorial-trump-indictments-democracy.1048543,Editorial: Trump’s indictments and democracy,Times of Malta,11 August 2023,"Opinion,Editorial,Donald Trump,USA",img00058.jpg
https://timesofmalta.com/articles/view/letters-editor-august-11-2023.1048546,"Letters to the editor - August 11, 2023",Times of Malta,11 August 2023,"Opinion,Letters","img00059.jpg,img00060.jpg"
https://timesofmalta.com/articles/view/editorial-give-judiciary-tools-work.1048705,Editorial: Give the judiciary the tools to work,Times of Malta,10 August 2023,"Opinion,Editorial,Justice,Court",img00061.jpg
https://timesofmalta.com/articles/view/moral-suasion-curb-abuse.1048522,Moral suasion will not curb abuse,Times of Malta,10 August 2023,"Opinion,Editorial,Robert Abela,Construction",img00062.jpg
https://timesofmalta.com/articles/view/fab-job-god-but.1048516,"Fab, job, God, but, why",Ranier Fsadni,10 August 2023,"Opinion,Comment",img00063.jpg
https://timesofmalta.com/articles/view/importance-resigning.1048519,Importance of resigning,"Times of Malta, Mark Said",10 August 2023,"Opinion,Comment,Politics,Government",img00064.jpg
https://timesofmalta.com/articles/view/letters-editor-august-10-2023.1048525,"Letters to the editor - August 10, 2023",Times of Malta,10 August 2023,"Opinion,Letters","img00065.jpg,img00066.jpg"
https://timesofmalta.com/articles/view/letters-editor-august-9-2023.1048294,"Letters to the editor - August 9, 2023",Times of Malta,9 August 2023,"Opinion,Letters","img00067.jpg,img00068.jpg"
https://timesofmalta.com/articles/view/letters-editor-august-9-2023.1048294,"Letters to the editor - August 9, 2023",Times of Malta,9 August 2023,"Opinion,Letters","img00069.jpg,img00070.jpg"
https://timesofmalta.com/articles/view/a-government-handouts.1048312,A government of handouts,Eddie Aquilina,9 August 2023,"Opinion,Comment,Government,Cost of living",img00071.jpg
https://timesofmalta.com/articles/view/editorial-losing-children-digital-age.1048315,Editorial: Losing children in the digital age,Times of Malta,9 August 2023,"Opinion,Editorial,Social media,Artificial Intelligence",img00072.jpg
https://timesofmalta.com/articles/view/our-gross-domestic-problem.1048147,Our Gross Domestic Problem,Colm Regan,8 August 2023,"Opinion,Comment,Economy,Society",img00073.png
https://timesofmalta.com/articles/view/editorial-the-yells-bells-smells-island.1048141,"Editorial: The yells, bells and smells island",Times of Malta,8 August 2023,"Opinion,Editorial,Tourism,Traffic",img00074.jpg
https://timesofmalta.com/articles/view/letters-editor-august-8-2023.1048144,"Letters to the editor - August 8, 2023",Times of Malta,8 August 2023,"Opinion,Letters","img00075.jpg,img00076.jpg"
https://timesofmalta.com/articles/view/is-privatisation-ideology-back.1048150,Is privatisation ideology back?,Aleks Farrugia,8 August 2023,"Opinion,Comment,Finance,Economy",img00077.jpg
https://timesofmalta.com/articles/view/are-really-wealthier.1048153,Are we really wealthier?,Times of Malta,8 August 2023,"Opinion,Comment,Construction,Economy,Government","img00078.jpg,img00079.jpg"
https://timesofmalta.com/articles/view/burlo-august-7-2023.1048003,"Burlò – August 7, 2023",Times of Malta,7 August 2023,"Opinion,Cartoons",img00080.jpg
https://timesofmalta.com/articles/view/shifting-sands-eu-politics-john-cassar-white.1047592,Shifting sands in EU politics – John Cassar White,John Cassar White,7 August 2023,"Business,Opinion,Environment,Migration,Politics",img00081.jpg
https://timesofmalta.com/articles/view/getting-worse-maths.1047640,Are students really getting worse at maths?,Dominic Cortis,7 August 2023,"Opinion,Comment,Education","img00082.jpg,img00083.jpg"
https://timesofmalta.com/articles/view/the-revised-plan-comino-still-bad-news.1047655,The revised plan for Comino is still bad news,Stéphane Croce,7 August 2023,"Opinion,Comment,Comino","img00084.jpg,img00085.jpg"
https://timesofmalta.com/articles/view/letters-editor-august-7-2023.1047667,"Letters to the editor - August 7, 2023",Times of Malta,7 August 2023,"Opinion,Letters","img00086.jpg,img00087.jpg"
https://timesofmalta.com/articles/view/enforcement-lethargy-ruining-people-lives.1047676,Enforcement lethargy ruining people’s lives,Times of Malta,7 August 2023,"Opinion,Editorial,Tourism,Traffic,Waste",img00088.jpg
https://timesofmalta.com/articles/view/inflation-japan-matter-politeness.1047562,Inflation in Japan is a matter of politeness,Andreas Weitzer,6 August 2023,"Business,Opinion,Comment,Japan",img00089.jpg
https://timesofmalta.com/articles/view/malta-potential-green-financial-hub-steve-ellul.1047838,Malta’s potential as a green financial hub – Steve Ellul,Steve Ellul,6 August 2023,"Business,Opinion,Finance,Environment",img00090.jpg
https://timesofmalta.com/articles/view/james-calvert-unaligned-windows-chaos-europe.1047928,James Calvert: Unaligned windows could be chaos for Europe,James Calvert,6 August 2023,"Sport,Comment,Opinion,Football",img00091.jpg
https://timesofmalta.com/articles/view/marse-ann-revenge.1047568,Marse Ann’s revenge,Kevin Cassar,6 August 2023,"Opinion,Comment,Robert Abela,Justice,Construction",img00092.jpg
https://timesofmalta.com/articles/view/the-obsession-gdp-gnp.1047613,The obsession with GDP and GNP,John Consiglio,6 August 2023,"Business,Opinion,Economy",img00093.jpg
https://timesofmalta.com/articles/view/zepp-august-6-2023.1047463,"Żepp - August 6, 2023",Times of Malta,6 August 2023,"Opinion,Cartoons",img00094.jpg
https://timesofmalta.com/articles/view/islanders-august-6-2023.1047574,"Islanders - August 6, 2023",Times of Malta,6 August 2023,"Opinion,Cartoons",img00095.jpg
https://timesofmalta.com/articles/view/no-vaccine-climate-change.1047625,No vaccine for climate change,Simone Borg,6 August 2023,"Opinion,Comment,Climate change","img00096.jpg,img00097.jpg"
https://timesofmalta.com/articles/view/a-onesizefitsall-eu.1047535,A one-size-fits-all EU?,David Agius,6 August 2023,"Opinion,Comment,European Parliament,European Union","img00098.jpg,img00099.jpg"
https://timesofmalta.com/articles/view/this-sweet-land.1047553,This once sweet land,John Vassallo,6 August 2023,"Opinion,Comment,Economy,Energy",img00100.jpg
https://timesofmalta.com/articles/view/we-ll-huff-puff.1047631,We’ll huff and we’ll puff,Michela Spiteri,6 August 2023,"Opinion,Comment,Construction",img00101.jpg
https://timesofmalta.com/articles/view/ztv-august-6-2023.1047454,"ZTV - August 6, 2023",Times of Malta,6 August 2023,"Opinion,Cartoons",img00102.jpg
https://timesofmalta.com/articles/view/direct-anger-right-direction.1047526,Direct your anger in the right direction,Anna Marie Galea,6 August 2023,"Opinion,Comment,Society,Rule of Law",img00103.jpg
https://timesofmalta.com/articles/view/editorial-cool-overheating-economy.1047787,Editorial: Cool down the overheating economy,Times of Malta,6 August 2023,"Opinion,Editorial,Construction,Economy,Employment",img00104.jpg
https://timesofmalta.com/articles/view/time-take-lead.1047547,Time to take the lead,Stefano Mallia,6 August 2023,"Opinion,Comment,Economy,Energy",img00105.jpg
https://timesofmalta.com/articles/view/the-economics-oceans.1047685,The economics of oceans,Lawrence Zammit,5 August 2023,"Opinion,Business,Maritime,Industry,Environment",img00106.jpg
https://timesofmalta.com/articles/view/editorial-the-foi-marathon-obstacle-race.1047616,Editorial: The FOI marathon obstacle race,Times of Malta,5 August 2023,"Opinion,Editorial,Media",img00107.jpg
https://timesofmalta.com/articles/view/death-mediterranean-migration.1047394,Death in the Mediterranean,Saadun Suayeh,5 August 2023,"Opinion,Comment,Migration","img00108.jpg,img00109.jpg"
https://timesofmalta.com/articles/view/ignorance-breeds-arrogance.1047403,Ignorance breeds arrogance,Fr Charles Cini,5 August 2023,"Opinion,Comment,Politics","img00110.jpg,img00111.jpg"
https://timesofmalta.com/articles/view/letters-editor-august-5-2023.1047595,"Letters to the editor - August 5, 2023",Times of Malta,5 August 2023,"Opinion,Letters","img00112.jpg,img00113.jpg"
https://timesofmalta.com/articles/view/devils-go-marching.1047388,Devils go marching in,Evarist Bartolo,4 August 2023,"Opinion,Comment,Migration",img00114.jpg
https://timesofmalta.com/articles/view/rethinking-tourism-industry.1047391,"In tourism, if you're not moving forward then you're moving backward",Mario de Marco,4 August 2023,"Opinion,Comment,Tourism,Climate change,Mediterranean","img00115.jpg,img00116.jpg"
https://timesofmalta.com/articles/view/editorial-a-submissive-attorney-general.1047415,Editorial: A submissive attorney general,Times of Malta,4 August 2023,"Opinion,Editorial,Justice,Court",img00117.jpg
https://timesofmalta.com/articles/view/letters-editor-july-4-2023.1047427,"Letters to the editor - August 4, 2023",Times of Malta,4 August 2023,"Opinion,Letters","img00118.jpg,img00119.jpg"
https://timesofmalta.com/articles/view/getting-writing.1047190,Getting it in writing,Ranier Fsadni,3 August 2023,"Opinion,Comment,Education",img00120.jpg
https://timesofmalta.com/articles/view/a-ticking-time-bomb.1047223,A ticking time bomb,Carmel Cacopardo,3 August 2023,"Opinion,Comment,ERA,Planning Authority,Climate change","img00121.jpg,img00122.jpg"
https://timesofmalta.com/articles/view/editorial-dumbing-education-standards.1047229,Editorial: Dumbing down education standards,Times of Malta,3 August 2023,"Opinion,Editorial,Education",img00123.jpg
https://timesofmalta.com/articles/view/letters-editor-august-3-2023.1047235,"Letters to the editor - August 3, 2023",Times of Malta,3 August 2023,"Opinion,Letters","img00124.jpg,img00125.jpg"
https://timesofmalta.com/articles/view/joseph-muscat-pac.1047058,Joseph Muscat at the PAC,Edward Mallia,2 August 2023,"Opinion,Comment,Joseph Muscat,Energy,Electrogas","img00126.jpg,img00127.jpg"
https://timesofmalta.com/articles/view/masons-role-building-safety.1047076,Masons’ role in building safety,Robert Musumeci,2 August 2023,"Opinion,Comment,Construction","img00128.jpg,img00129.jpg"
https://timesofmalta.com/articles/view/editorial-media-reform-remains-overdue.1047085,Editorial: Media reform remains overdue,Times of Malta,2 August 2023,"Opinion,Editorial,Media,Daphne Caruana Galizia",img00130.jpg
https://timesofmalta.com/articles/view/letters-editor-august-2-2023.1047091,"Letters to the editor - August 2, 2023",Times of Malta,2 August 2023,"Opinion,Letters","img00131.jpg,img00132.jpg"
https://timesofmalta.com/articles/view/a-grand-strategy-malta-wtf.1046914,A grand strategy for Malta - WTF,Colm Regan,1 August 2023,"Opinion,Satire",img00133.jpg
https://timesofmalta.com/articles/view/letters-editor-august-1-2023.1046863,"Letters to the editor - August 1, 2023",Times of Malta,1 August 2023,"Opinion,Letters","img00134.jpg,img00135.jpg"
https://timesofmalta.com/articles/view/blaming-past-administrations-solve-problems.1046833,Blaming past administrations will not solve the problems,Ivan Bartolo and Jerome Caruana Cilia,1 August 2023,"Opinion,Comment,Energy,Business,Health","img00136.jpg,img00137.jpg,img00138.jpg"
https://timesofmalta.com/articles/view/leave-no-victim-behind.1046848,Leave no victim behind,Renee Laiviera,1 August 2023,"Opinion,Comment,Human trafficking","img00139.jpg,img00140.jpg"
https://timesofmalta.com/articles/view/editorial-we-failing-mentally-ill-people.1046860,Editorial: We are failing mentally ill people,Times of Malta,1 August 2023,"Opinion,Editorial,Mental health",img00141.jpg
https://timesofmalta.com/articles/view/how-private-residential-leases-act-impacted-longterm-rentals.1046902,How has the Private Residential Leases Act impacted long-term rentals?,Robert Spiteri Paris,31 July 2023,"Business,Opinion,Properties,Analysis","img00142.jpg,img00143.jpg,img00144.jpg,img00145.jpg,img00146.jpg"
https://timesofmalta.com/articles/view/are-companies-meant-last-forever.1046830,Are companies meant to last forever?,David Fabri,31 July 2023,"Business,Society,Analysis,Opinion","img00147.jpg,img00148.jpg"
https://timesofmalta.com/articles/view/china-russia-ukrainian-war.1046890,"China, Russia and the Ukrainian war",Tonio Galea,31 July 2023,"Business,Opinion,Comment,China,Diplomacy",img00149.jpg
https://timesofmalta.com/articles/view/reversing-europe-brain-drain.1046872,Reversing Europe’s brain drain,John Cassar White,31 July 2023,"Opinion,Business,Employment,European Union",img00150.jpg
https://timesofmalta.com/articles/view/opinion-how-get-mess.1046302,Opinion: How do we get out of this mess?,Denis Zammit Cutajar,31 July 2023,"Opinion,Comment,Education","img00151.jpg,img00152.jpg"
https://timesofmalta.com/articles/view/burlo-july-31-2023.1046710,"Burlò – July 31, 2023",Times of Malta,31 July 2023,"Opinion,Cartoons",img00153.jpg
https://timesofmalta.com/articles/view/opinion-the-government-decadence.1046296,Opinion: The government’s decadence,Albert Buttigieg,31 July 2023,"Opinion,Comment,Government,Robert Abela,PL",img00154.jpg
https://timesofmalta.com/articles/view/editorial-solar-rights-much-dust.1046197,Editorial: Solar rights and much dust,Times of Malta,31 July 2023,"Opinion,Editorial,Roberta Metsola,European Union,Environment",img00155.jpg
https://timesofmalta.com/articles/view/letters-editor-july-31-2023.1046203,"Letters to the editor - July 31, 2023",Times of Malta,31 July 2023,"Opinion,Letters","img00156.jpg,img00157.jpg"
https://timesofmalta.com/articles/view/ztv-july-30-2023.1046083,"ZTV - July 30, 2023",Times of Malta,30 July 2023,"Opinion,Cartoons",img00158.jpg
https://timesofmalta.com/articles/view/zepp-july-30-2023.1046086,"Żepp - July 30, 2023",Times of Malta,30 July 2023,"Opinion,Cartoons",img00159.jpg
https://timesofmalta.com/articles/view/opinion-exminister-extradited-us.1046089,Opinion: Ex-minister extradited to the US,Kevin Cassar,30 July 2023,"Opinion,Comment,Joseph Muscat,Konrad Mizzi,USA",img00160.jpg
https://timesofmalta.com/articles/view/letters-editor-july-30-2023.1046092,"Letters to the editor - July 30, 2023",Times of Malta,30 July 2023,"Opinion,Letters","img00161.jpg,img00162.jpg"
https://timesofmalta.com/articles/view/bellybuttons-vigilantes.1046119,Bellybuttons and vigilantes,John Vassallo,30 July 2023,"Opinion,Comment,Society,Civil society",img00163.jpg
https://timesofmalta.com/articles/view/us-economic-resilience-supports-equity-markets.1046125,US economic resilience supports equity markets,Robert Ducker,30 July 2023,"Business,Opinion,USA,Financial markets","img00164.jpg,img00165.jpg"
https://timesofmalta.com/articles/view/the-battle-domestic-violence.1046146,The battle against domestic violence,Byron Camilleri,30 July 2023,"Opinion,Comment,Domestic Violence,Gender",img00166.jpg
https://timesofmalta.com/articles/view/opinion-they-promised-meritocracy.1046164,Opinion: They promised meritocracy,Manuel Delia,30 July 2023,"Opinion,Comment,PL,Government,Politics",img00167.jpg
https://timesofmalta.com/articles/view/deep-heart.1045702,‘Deep from my heart’,Fr Charles Cini,26 July 2023,"Opinion,Comment,Youth","img00168.jpg,img00169.jpg"
https://timesofmalta.com/articles/view/the-actual-cost-pizza.1045708,The actual cost of pizza,Mario de Marco,26 July 2023,"Opinion,Comment,Tourism,Population,Economy","img00170.jpg,img00171.jpg"
https://timesofmalta.com/articles/view/editorial-we-re-risky-race-bottom.1045747,Editorial: We’re on a risky race to the bottom,Times of Malta,26 July 2023,"Opinion,Editorial,Economy,Employment",img00172.jpg
https://timesofmalta.com/articles/view/letters-editor-july-26-2023.1045750,"Letters to the editor - July 26, 2023",Times of Malta,26 July 2023,"Opinion,Letters","img00173.jpg,img00174.jpg"
https://timesofmalta.com/articles/view/being-angry-enough.1045672,Being angry is not enough,Colm Regan,25 July 2023,"Opinion,Comment,Poverty,Human rights",img00175.jpg
https://timesofmalta.com/articles/view/europe-perfect-healthcare-storm.1045573,Europe’s perfect healthcare storm,John Cassar White,25 July 2023,"Opinion,Business,Health,Europe",img00176.jpg
https://timesofmalta.com/articles/view/editorial-timid-guardian-legal-system.1045522,Editorial: Timid guardian of the legal system,Times of Malta,25 July 2023,"Opinion,Editorial,Justice,Government",img00177.jpg
https://timesofmalta.com/articles/view/letters-editor-july-25-2023.1045528,"Letters to the editor - July 25, 2023",Times of Malta,25 July 2023,"Opinion,Letters","img00178.jpg,img00179.jpg"
https://timesofmalta.com/articles/view/good-father-family.1045537,Good father of the family,Aleks Farrugia,25 July 2023,"Opinion,Comment,Robert Abela,Government,Construction",img00180.jpg
https://timesofmalta.com/articles/view/the-10-million-questions.1045543,The €10 million questions,Joe Pace Ross,25 July 2023,"Opinion,Comment,Enemalta,Joseph Muscat",img00181.jpg
https://timesofmalta.com/articles/view/dialogue-aggression.1044952,Dialogue over aggression,Laiq Ahmed Atif,24 July 2023,"Opinion,Comment,Religion,Sweden",img00182.jpg
https://timesofmalta.com/articles/view/shame-you-prime-minister.1045504,"Shame on you, prime minister",Danielle Vella,24 July 2023,"Opinion,Comment,Migration,Robert Abela,Construction",img00183.jpg
https://timesofmalta.com/articles/view/a-grieving-mother.1044949,A grieving mother,Jerome Caruana Cilia,24 July 2023,"Opinion,Comment,Construction,Parliament,Government",img00184.jpg
https://timesofmalta.com/articles/view/burlo-july-24-2023.1045378,"Burlò – July 24, 2023",Times of Malta,24 July 2023,"Opinion,Cartoons",img00185.jpg
https://timesofmalta.com/articles/view/editorial-losing-war-obesity.1045024,Editorial: Losing the war against obesity,Times of Malta,24 July 2023,"Opinion,Editorial,Health",img00186.jpg
https://timesofmalta.com/articles/view/letters-editor-july-24-2023.1044955,"Letters to the editor - July 24, 2023",Times of Malta,24 July 2023,"Opinion,Letters","img00187.jpg,img00188.jpg"
https://timesofmalta.com/articles/view/major-league-soccer-gains-momentum-messi-magic.1045306,Major League Soccer gains momentum from Messi’s magic,James Calvert,23 July 2023,"Sport,Comment,Opinion,Football",img00189.jpg
https://timesofmalta.com/articles/view/jean-paul-sofia-man-alexander-jacobsen.1044014,Jean Paul Sofia: he was more than a man − Alexander Jacobsen,Alexander Jacobsen,17 July 2023,"Opinion,Accident,Construction,Politics,Robert Abela",img00190.jpg
https://timesofmalta.com/articles/view/burlo-july-17-2023.1043999,"Burlò – July 17, 2023",Times of Malta,17 July 2023,"Opinion,Cartoons",img00191.jpg
https://timesofmalta.com/articles/view/opinion-the-game-changer.1043627,Opinion: The game changer,Eddie Aquilina,17 July 2023,"Opinion,Comment,PL,Abortion",img00192.jpg
https://timesofmalta.com/articles/view/opinion-change-law-inquiries.1043630,Opinion: Change the law on inquiries,Mark Said,17 July 2023,"Opinion,Comment,Justice,Parliament,Government",img00193.jpg
https://timesofmalta.com/articles/view/editorial-exploitation-thirdcountry-nationals.1043639,Editorial: Exploitation of third-country nationals,Times of Malta,17 July 2023,"Opinion,Editorial,India,Employment",img00194.jpg
https://timesofmalta.com/articles/view/letters-editor-july-17-2023.1043642,"Letters to the editor - July 17, 2023",Times of Malta,17 July 2023,"Opinion,Letters","img00195.jpg,img00196.jpg"
https://timesofmalta.com/articles/view/editorial-blinded-rampant-corruption.1043807,Editorial: Blinded by rampant corruption,Times of Malta,16 July 2023,"Opinion,Editorial,Rule of Law,Robert Abela",img00197.png
https://timesofmalta.com/articles/view/zepp-july-16-2023.1043324,"Żepp - July 16, 2023",Times of Malta,16 July 2023,"Opinion,Cartoons",img00198.jpg
https://timesofmalta.com/articles/view/ztv-july-16-2023.1043327,"ZTV - July 16, 2023",Times of Malta,16 July 2023,"Opinion,Cartoons",img00199.jpg
https://timesofmalta.com/articles/view/islanders-july-16-2023.1043612,"Islanders - July 16, 2023",Times of Malta,16 July 2023,"Opinion,Cartoons",img00200.jpg
https://timesofmalta.com/articles/view/opinion-robert-abela-storm.1043618,Opinion: Robert Abela’s storm,Manuel Delia,16 July 2023,"Opinion,Comment,Robert Abela,Justice,Daphne Caruana Galizia",img00201.jpg
https://timesofmalta.com/articles/view/ai-transforming-employment-landscape.1043621,AI: Transforming the employment landscape,Ivan Castillo,16 July 2023,"Opinion,Comment,Business,Artificial Intelligence",img00202.jpg
https://timesofmalta.com/articles/view/opinion-revving-road-safety.1043372,Opinion: Revving up road safety,Aaron Farrugia,16 July 2023,"Opinion,Comment,Roads,Traffic",img00203.jpg
https://timesofmalta.com/articles/view/opinion-a-black-day.1043378,Opinion: A black day,Anna Marie Galea,16 July 2023,"Opinion,Comment,Parliament,Accident,Construction",img00204.jpg
https://timesofmalta.com/articles/view/letters-editor-july-16-2023.1043384,"Letters to the editor - July 16, 2023",Times of Malta,16 July 2023,"Opinion,Letters","img00205.jpg,img00206.jpg"
https://timesofmalta.com/articles/view/opinion-we-need-bold-court-reforms.1043390,Opinion: We need bold court reforms,Joe Giglio,16 July 2023,"Opinion,Comment,Justice,Court",img00207.jpg
https://timesofmalta.com/articles/view/deriving-value-good-corporate-governance.1043399,Deriving value from good corporate governance,Beppe Jaccarini,16 July 2023,"Opinion,Business,Industry",img00208.jpg
https://timesofmalta.com/articles/view/speaker-put-foot-it.1042271,Editorial: Speaker’s put his foot in it... again,Times of Malta,8 July 2023,"Opinion,Editorial,Parliament,Government,Rule of Law",img00209.jpg
https://timesofmalta.com/articles/view/letters-editor-july-8-2023.1042073,"Letters to the editor - July 8, 2023",Times of Malta,8 July 2023,"Opinion,Letters","img00210.jpg,img00211.jpg"
https://timesofmalta.com/articles/view/editorial-fix-economic-model-flaws.1042049,Editorial: Fix the economic model flaws,Times of Malta,7 July 2023,"Opinion,Editorial,Economy,Employment",img00212.jpg
https://timesofmalta.com/articles/view/letters-editor-july-7-2023.1042052,"Letters to the editor - July 7, 2023",Times of Malta,7 July 2023,"Opinion,Letters","img00213.jpg,img00214.jpg"
https://timesofmalta.com/articles/view/opinion-it-small-world.1041851,Opinion: It's a small world,Evarist Bartolo,7 July 2023,"Opinion,Comment",img00215.jpg
https://timesofmalta.com/articles/view/opinion-a-play-many-acts.1041857,Opinion: A play of many acts,Eddie Aquilina,7 July 2023,"Opinion,Comment,Joseph Muscat",img00216.jpeg
https://timesofmalta.com/articles/view/opinion-renovating-regenerating-rialto-cottonera.1041782,Opinion: Renovating and regenerating the Rialto,Peter Grima,6 July 2023,"Opinion,Architecture,History,Lifestyle,Cospicua","img00217.jpg,img00218.jpg"
https://timesofmalta.com/articles/view/daniel-ellsberg-hero.1041845,Daniel Ellsberg was a hero,Mark Manduca,6 July 2023,"Opinion,Comment,USA,Vietnam,Politics",img00219.jpg
https://timesofmalta.com/articles/view/your-insult-lyric.1041770,"Opinion: Your insult, my lyric",Ranier Fsadni,6 July 2023,"Opinion,Comment,Police,Court",img00220.jpg
https://timesofmalta.com/articles/view/opinion-we-need-land-transport-regulator.1041773,Opinion: We need a land transport regulator,Andrew Bezzina,6 July 2023,"Opinion,Comment,Transport",img00221.jpeg
https://timesofmalta.com/articles/view/editorial-knowing-made-malta.1041812,Editorial: Knowing those who made Malta,Times of Malta,6 July 2023,"Opinion,Editorial,History,Heritage",img00222.jpg
https://timesofmalta.com/articles/view/letters-editor-july-6-2023.1041821,"Letters to the editor - July 6, 2023",Times of Malta,6 July 2023,"Opinion,Letters","img00223.jpg,img00224.jpg"
https://timesofmalta.com/articles/view/balancing-professional-life-right-family-life-ian-baldacchino.1041656,Balancing professional life with the right to family life − Ian Baldacchino,Ian Baldacchino,5 July 2023,"Opinion,Business,Family,Health,Migration",img00225.jpg
https://timesofmalta.com/articles/view/editorial-financial-preparation-life.1041614,Editorial: Financial preparation for life,Times of Malta,5 July 2023,"Opinion,Editorial,Finance",img00226.jpg
https://timesofmalta.com/articles/view/letters-editor-july-5-2023.1041617,"Letters to the editor - July 5, 2023",Times of Malta,5 July 2023,"Opinion,Letters","img00227.jpg,img00228.jpg"
https://timesofmalta.com/articles/view/i-can-t-stand-traffic-anymore.1041629,Opinion: I can’t stand this traffic anymore,Alexander Galea,5 July 2023,"Opinion,Comment,Traffic",img00229.jpg
https://timesofmalta.com/articles/view/the-film-industry-nationalists.1041635,The film industry under the Nationalists,Malcolm Scerri-Ferrante,5 July 2023,"Opinion,Comment,Film",img00230.jpg
https://timesofmalta.com/articles/view/malta-digital-transformation.1041437,Malta’s digital transformation,Marija Sara Vella Gafà,4 July 2023,"Opinion,Comment,Industry,European Union",img00231.jpg
https://timesofmalta.com/articles/view/editorial-why-everyone-applauded-project.1041443,Editorial: Why everyone applauded the project,Times of Malta,4 July 2023,"Opinion,Editorial,Business,Heritage",img00232.jpeg
https://timesofmalta.com/articles/view/letters-editor-july-4-2023.1041446,"Letters to the editor - July 4, 2023",Times of Malta,4 July 2023,"Opinion,Letters","img00233.jpg,img00234.jpg"
https://timesofmalta.com/articles/view/tightrope-free-speech.1041452,Tightrope of free speech,David Casa,4 July 2023,"Opinion,Comment,Culture,Government",img00235.jpg
https://timesofmalta.com/articles/view/burlo-july-3-2023.1041467,"Burlò – July 3, 2023",Times of Malta,3 July 2023,"Opinion,Cartoons",img00236.jpg
https://timesofmalta.com/articles/view/investing-beaches-john-cassar-white.1040981,Investing in our beaches – John Cassar White,John Cassar White,3 July 2023,"Business,Opinion,Comment,Lifestyle",img00237.jpg
https://timesofmalta.com/articles/view/editorial-discrimination-pensioners.1040945,Editorial: Discrimination between pensioners,Times of Malta,3 July 2023,"Opinion,Editorial,Pensions",img00238.jpg
https://timesofmalta.com/articles/view/letters-editor-july-3-2023.1040948,"Letters to the editor - July 3, 2023",Times of Malta,3 July 2023,"Opinion,Letters","img00239.jpg,img00240.jpg"
https://timesofmalta.com/articles/view/more-freedom-artistic-expression.1040993,More freedom of artistic expression,Owen Bonnici and Byron Camilleri,3 July 2023,"Opinion,Comment,Culture",img00241.jpeg
https://timesofmalta.com/articles/view/strutting-doomsday-catwalk.1040826,Strutting down the doomsday catwalk,Arnold Cassola,3 July 2023,"Opinion,Comment,Artificial Intelligence,Finance",img00242.jpg
https://timesofmalta.com/articles/view/james-calvert-europe-fear-saudi-revolution.1041308,James Calvert: Europe should fear the Saudi revolution,James Calvert,2 July 2023,"Sport,Opinion,Comment,Football,Saudi Arabia",img00243.jpg
https://timesofmalta.com/articles/view/why-lives-matter.1040772,Why not all lives matter,Fr Joe Borg,2 July 2023,"Opinion,Comment,Migration,Maritime",img00244.jpg
https://timesofmalta.com/articles/view/editorial-refugee-allowed-give-back.1041242,Editorial: Refugee not allowed to give back,Times of Malta,2 July 2023,"Opinion,Editorial,Migration,Employment",img00245.jpg
https://timesofmalta.com/articles/view/islanders-july-2-2023.1040927,"Islanders - July 2, 2023",Times of Malta,2 July 2023,"Opinion,Cartoons",img00246.jpg
https://timesofmalta.com/articles/view/letters-editor-july-2-2023.1040969,"Letters to the editor - July 2, 2023",Times of Malta,2 July 2023,"Opinion,Letters","img00247.jpg,img00248.jpg"
https://timesofmalta.com/articles/view/zepp-july-2-2023.1040583,"Żepp - July 2, 2023",Times of Malta,2 July 2023,"Opinion,Cartoons",img00249.jpg
https://timesofmalta.com/articles/view/ztv-july-2-2023.1040586,"ZTV - July 2, 2023",Times of Malta,2 July 2023,"Opinion,Cartoons",img00250.jpg
https://timesofmalta.com/articles/view/editorial-land-grab-political-elites.1042943,Editorial: Land grab by political elites,Times of Malta,12 July 2023,"Opinion,Editorial,Sliema,European Parliament",img00251.jpg
https://timesofmalta.com/articles/view/a-government-listened.1042802,A government that listened,Ray Azzopardi,12 July 2023,"Opinion,Comment,Abortion,Politics",img00252.png
